No|Product Id|Name|SKU|Product Status|Partner Name|Parent Category|Parent Category Status|Child Category|Child Category Status|Base Price|Sell Price|Sell Price Point
1|21|tatsumaki|'tatsumaki-20221020112142-600386|active|maybank|handphone & tablet|active|||400000|402000|16080
2|43|Voucher Digital Tokopedia Rp.250.000|'Voucher Digital Tokopedia Rp.250.000-20221104133648-552462|active|maybank|E-Commerce|active|||250000|252000|10080
3|44|Voucher Digital Tokopedia Rp.100.000|'voucher-digital-tokopedia-rp.100.000-20221104142535-399714|active|maybank|E-Commerce|active|||100000|102000|4080
4|45|Voucher Digital Go Food Rp.75.000|'voucher-digital-go-food-rp.75.000-20221104142542-314955|active|maybank|F&B|active|||75000|77000|3080
5|46|Voucher Digital Go Food Rp.50.000|'voucher-digital-go-food-rp.50.000-20221104142547-574411|active|maybank|F&B|active|||50000|52000|2080
6|47|Voucher Digital Transmart Carrefour Rp.100.000|'voucher-digital-transmart-carrefour-rp.100.000-20221104143406-373196|active|maybank|RETAIL|active|||100000|102000|4080
7|48|Voucher Digital Transmart Carrefour Rp.50.000|'voucher-digital-transmart-carrefour-rp.50.000-20221104143412-990959|active|maybank|RETAIL|active|||50000|52000|2080
8|49|Voucher Digital Modena Experience Rp.250.000|'voucher-digital-modena-experience-rp.250.000-20221104143418-493100|active|maybank|MEC00250|active|||250000|252000|10080
9|65|test product image|'test-product-image-20221124153142-584313|active|maybank|MEC00250|active|||10000|12000|480
10|81|TETING|'teting-20221129112942-769213|active|maybank|RETAIL|active|||10000|12000|480
11|101|testing voucher|'testing-voucher-20221209140903-326514|active|maybank|RETAIL|active|||10000|12000|480
12|121|testingblibli|'testingblibli-20221212152325-22526|active|BLIBLI|E-Commerce|active|||3511|4511|180
13|122|test tiket report|'test-tiket-report-20221213153632-650171|active|TIKET.COM|E-Commerce|active|||5000|6000|240
14|123|testing map|'testing-map-20221213155944-700110|active|MAP|E-Commerce|active|||3516|4516|181
15|124|testing traveloka|'testing-traveloka-20221213160011-76189|active|TRAVELOKA|E-Commerce|active|||5000|6000|240
16|127|test tada evoucher|'test-tada-evoucher-20221214150715-135557|active|MAYBANK-TADA|E-Commerce|active|||5000|6000|240
17|141|testingabaikan|'testingabaikan-20221223145159-694258|active|MAYBANK-TADA|E-Commerce|active|||10000|12000|480
18|161|Sony Xp|'sony-xp-20230103193117-495717|active|MAYBANK-TADA|handphone & tablet|active|||1000000|1002000|40080
19|162|Carrefour ewallet|'carrefour-ewallet-20230103193607-502457|active|MAYBANK-TADA|E-Commerce|active|||100000|102000|4080
20|181|test-project090123|'test-project090123-20230109113424-755844|active|TESTING MERCHANT|new category kamis 291222 belum beranak|inactive|||12000|32000|1280
21|182|testingproduct again|'testingproduct-again-20230109113613-592934|active|TESTING MERCHANT|food & drinks|active|||12000|14000|560
22|339|Avoucher go pay testing|'avoucher-go-pay-testing-20230201140035-879165|active|TESTING MERCHANT|E-Commerce|active|||10000|12000|480
23|340|testinglagi traveloka ewallet|'testinglagi-traveloka-ewallet-20230201140155-735621|active|TESTING MERCHANT|RETAIL|active|||10000|12000|480
24|341|A GOpay testing 010223|'a-gopay-testing-010223-20230201140427-427929|active|TESTING MERCHANT|E-Commerce|active|||10000|12000|480
25|343|Logitech Powershell Controller + Battery for iPhone 5/5s|'000670005101070000696|active|alpabit|root_alpabit|active|smartphone & tablet|active|1401200|1402200|56088
26|344|Sony Smart Band SWR10 - Black|'000670005101070000698|active|alpabit|root_alpabit|active|smartphone & tablet|active|1806870|1807870|72315
27|345|Bluetooth Headset Sony Multipoint HD MBH10 - Black|'000670005101070000700|active|alpabit|F&B|active|food & drinks|active|1524370|1525370|61015
28|346|USB OTG Adata Flashdrive UD320 1TB - Black|'000670005101070000701|active|alpabit|root_alpabit|active|smartphone accessories|active|1467870|1468870|58755
29|347|LG L80 - Black|'000650004901070001093|active|alpabit|root_alpabit|active|fragrances2|active|2258870|2259870|90395
30|348|Bose In-Ear Headphone Sport SIE2i - Orange|'001240106101060003686|active|alpabit|root_alpabit|active|smartphone & tablet|active|2260000|2261000|90440
31|349|Lenovo Vibe K5|'000620005801010003737|inactive|alpabit|root_alpabit|active|smartphone & tablet|active|2147000|2148000|85920
32|350|Advan Jet Z Telkomsel 4'3 inch + kartu flash unlimited 3 bln kuota sebesar 300Mb/ bln|'000270003901010000485|active|alpabit|root_alpabit|active|fragrances2|active|1695000|1696000|67840
33|351|Samsung Gear 2 - Charcoal Black|'000680005101070000710|active|alpabit|root_alpabit|active|fragrances2|active|2260000|2261000|90440
34|352|iPhone 6|'000140004601120000987|active|alpabit|root_alpabit|active|smartphone & tablet|active|1695000|1696000|67840
35|353|type goods|'type-goods-20230127140831-747220|active|alpabit|root_alpabit|active|test lagi|active|61000|62000|2480
36|354|Bluetooth Headset Sony Multipoint HD MBH10 - Orange|'000670005101070000711|active|alpabit|root_alpabit|active|food & drinks|active|1524370|1525370|61015
37|362|Atestewalletmaybank|'atestewalletmaybank-20230208142439-461596|active|alpabit|E-Commerce|active|||12000|14000|560
38|363|ABtestvouchermaybank|'abtestvouchermaybank-20230209151508-895295|active|alpabit|E-Commerce|active|||15000|17000|680
39|381|ABtestingyehaa|'abtestingyehaa-20230214112433-48919|active|alpabit|E-Commerce|active|||10000|12000|480
EOF
